{
    "s1": {
        "x": 40.0,
        "y": 46.0
    },
    "s2": {
        "x": 40.0,
        "y": 50.0
    },
    "s3": {
        "x": 43.0,
        "y": 45.19615242270663
    },
    "s4": {
        "x": 40.0,
        "y": 46.0
    },
    "s5": {
        "x": 34.80384757729337,
        "y": 37.0
    },
    "s6": {
        "x": 40.0,
        "y": 40.0
    },
    "s7": {
        "x": 40.0,
        "y": 62.0
    },
    "s8": {
        "x": 55.588457268119896,
        "y": 49.0
    },
    "s9": {
        "x": 40.0,
        "y": 40.0
    },
    "s10": {
        "x": 40.0,
        "y": 54.0
    }
}
